{"cameraMode":{"drawMode":0,"name":"Shaded","section":"Shading Mode"},"sceneLighting":true,"audioPlay":false,"sceneViewState":{"showFog":true,"showMaterialUpdate":false,"showSkybox":true,"showFlares":true,"showImageEffects":true,"showParticleSystems":true},"in2DMode":false,"pivot":{"x":-0.12387970834970474,"y":-25.021120071411134,"z":28.0628604888916},"rotation":{"x":-0.3243359625339508,"y":-0.0008540131384506822,"z":0.0002928267349489033,"w":-0.9459419250488281},"size":69.36122131347656,"orthographic":false}