{"cameraMode":{"drawMode":0,"name":"Shaded","section":"Shading Mode"},"sceneLighting":false,"audioPlay":false,"sceneViewState":{"showFog":true,"showMaterialUpdate":false,"showSkybox":false,"showFlares":true,"showImageEffects":true,"showParticleSystems":true},"in2DMode":false,"pivot":{"x":0.0,"y":0.21067437529563905,"z":0.12999320030212403},"rotation":{"x":-0.1206980049610138,"y":0.4222193658351898,"z":-0.05683659017086029,"w":-0.896623432636261},"size":3.3376119136810304,"orthographic":false}